{
  "hash": "81ef0a90",
  "configHash": "82f14d30",
  "lockfileHash": "07b76d80",
  "browserHash": "a9a8c737",
  "optimized": {
    "@angular/common": {
      "src": "../../../../../../node_modules/@angular/common/fesm2022/common.mjs",
      "file": "@angular_common.js",
      "fileHash": "f4ec1a5e",
      "needsInterop": false
    },
    "@angular/common/http": {
      "src": "../../../../../../node_modules/@angular/common/fesm2022/http.mjs",
      "file": "@angular_common_http.js",
      "fileHash": "927a9584",
      "needsInterop": false
    },
    "@angular/core": {
      "src": "../../../../../../node_modules/@angular/core/fesm2022/core.mjs",
      "file": "@angular_core.js",
      "fileHash": "ec92a422",
      "needsInterop": false
    },
    "@angular/forms": {
      "src": "../../../../../../node_modules/@angular/forms/fesm2022/forms.mjs",
      "file": "@angular_forms.js",
      "fileHash": "1761e405",
      "needsInterop": false
    },
    "@angular/platform-browser": {
      "src": "../../../../../../node_modules/@angular/platform-browser/fesm2022/platform-browser.mjs",
      "file": "@angular_platform-browser.js",
      "fileHash": "fefec523",
      "needsInterop": false
    },
    "@angular/router": {
      "src": "../../../../../../node_modules/@angular/router/fesm2022/router.mjs",
      "file": "@angular_router.js",
      "fileHash": "417de916",
      "needsInterop": false
    },
    "@auth0/angular-jwt": {
      "src": "../../../../../../node_modules/@auth0/angular-jwt/fesm2020/auth0-angular-jwt.mjs",
      "file": "@auth0_angular-jwt.js",
      "fileHash": "621accaa",
      "needsInterop": false
    },
    "@microsoft/signalr": {
      "src": "../../../../../../node_modules/@microsoft/signalr/dist/esm/index.js",
      "file": "@microsoft_signalr.js",
      "fileHash": "98dea44e",
      "needsInterop": false
    },
    "bootstrap": {
      "src": "../../../../../../node_modules/bootstrap/dist/js/bootstrap.esm.js",
      "file": "bootstrap.js",
      "fileHash": "c8b98cc7",
      "needsInterop": false
    },
    "ngx-pagination": {
      "src": "../../../../../../node_modules/ngx-pagination/fesm2020/ngx-pagination.mjs",
      "file": "ngx-pagination.js",
      "fileHash": "e7dda329",
      "needsInterop": false
    },
    "rxjs": {
      "src": "../../../../../../node_modules/rxjs/dist/esm5/index.js",
      "file": "rxjs.js",
      "fileHash": "efc196bd",
      "needsInterop": false
    },
    "sweetalert2": {
      "src": "../../../../../../node_modules/sweetalert2/dist/sweetalert2.esm.all.js",
      "file": "sweetalert2.js",
      "fileHash": "5dfa3f54",
      "needsInterop": false
    },
    "@angular/material/progress-spinner": {
      "src": "../../../../../../node_modules/@angular/material/fesm2022/progress-spinner.mjs",
      "file": "@angular_material_progress-spinner.js",
      "fileHash": "cb371769",
      "needsInterop": false
    }
  },
  "chunks": {
    "chunk-4D5IU5NN": {
      "file": "chunk-4D5IU5NN.js"
    },
    "chunk-LZGOUNLU": {
      "file": "chunk-LZGOUNLU.js"
    },
    "chunk-34AG5CKW": {
      "file": "chunk-34AG5CKW.js"
    },
    "chunk-QVONSJMU": {
      "file": "chunk-QVONSJMU.js"
    },
    "chunk-ZSY7TSMJ": {
      "file": "chunk-ZSY7TSMJ.js"
    },
    "chunk-O65LMZJ7": {
      "file": "chunk-O65LMZJ7.js"
    }
  }
}